<SystemConfig ClassName="SystemConfig" UEVer="All" SotfVer="All" ToolVer="Logview1.3.2100305.0">
	<StatusBarPane ClassName="StatusBarPane" Valid="1" EnableCount="13">
		<StatusBarPaneItem ClassName="Vector" Name="StatusBarPaneItem">
			<StatusBarPaneItem ClassName="StatusBarPaneItem" StatusBarType="0" StatusBarMsgId="0" StatusBarValid="1" StatusBarSequence="0" StatusPaneWidth="600" StatusBarName="" StatusBarToolTip=""/>
			<StatusBarPaneItem ClassName="StatusBarPaneItem" StatusBarType="0" StatusBarMsgId="1" StatusBarValid="1" StatusBarSequence="1" StatusPaneWidth="250" StatusBarName="" StatusBarToolTip=""/>
			<StatusBarPaneItem ClassName="StatusBarPaneItem" StatusBarType="0" StatusBarMsgId="2" StatusBarValid="1" StatusBarSequence="2" StatusPaneWidth="250" StatusBarName="" StatusBarToolTip=""/>
			<StatusBarPaneItem ClassName="StatusBarPaneItem" StatusBarType="0" StatusBarMsgId="3" StatusBarValid="1" StatusBarSequence="3" StatusPaneWidth="0" StatusBarName="" StatusBarToolTip=""/>
			<StatusBarPaneItem ClassName="StatusBarPaneItem" StatusBarType="0" StatusBarMsgId="4" StatusBarValid="1" StatusBarSequence="4" StatusPaneWidth="0" StatusBarName="" StatusBarToolTip=""/>
			<StatusBarPaneItem ClassName="StatusBarPaneItem" StatusBarType="0" StatusBarMsgId="5" StatusBarValid="1" StatusBarSequence="5" StatusPaneWidth="0" StatusBarName="" StatusBarToolTip=""/>
			<StatusBarPaneItem ClassName="StatusBarPaneItem" StatusBarType="0" StatusBarMsgId="6" StatusBarValid="1" StatusBarSequence="6" StatusPaneWidth="0" StatusBarName="" StatusBarToolTip=""/>
			<StatusBarPaneItem ClassName="StatusBarPaneItem" StatusBarType="0" StatusBarMsgId="7" StatusBarValid="1" StatusBarSequence="7" StatusPaneWidth="0" StatusBarName="" StatusBarToolTip=""/>
			<StatusBarPaneItem ClassName="StatusBarPaneItem" StatusBarType="0" StatusBarMsgId="8" StatusBarValid="1" StatusBarSequence="8" StatusPaneWidth="100" StatusBarName="0 KB / s" StatusBarToolTip="RX Rate (Bytes)"/>
			<StatusBarPaneItem ClassName="StatusBarPaneItem" StatusBarType="0" StatusBarMsgId="9" StatusBarValid="1" StatusBarSequence="9" StatusPaneWidth="100" StatusBarName="0 KB / s" StatusBarToolTip="TX Rate (Bytes)"/>
			<StatusBarPaneItem ClassName="StatusBarPaneItem" StatusBarType="0" StatusBarMsgId="10" StatusBarValid="1" StatusBarSequence="10" StatusPaneWidth="100" StatusBarName="0 P / s" StatusBarToolTip="RX Rate (Packets)"/>
			<StatusBarPaneItem ClassName="StatusBarPaneItem" StatusBarType="0" StatusBarMsgId="11" StatusBarValid="1" StatusBarSequence="11" StatusPaneWidth="100" StatusBarName="0 P / s" StatusBarToolTip="TX Rate (Packets)"/>
			<StatusBarPaneItem ClassName="StatusBarPaneItem" StatusBarType="0" StatusBarMsgId="12" StatusBarValid="1" StatusBarSequence="12" StatusPaneWidth="84" StatusBarName="0 B" StatusBarToolTip="log file size"/>
		</StatusBarPaneItem>
	</StatusBarPane>
</SystemConfig>
